[{"model": "admin.logentry", "pk": 1, "fields": {"action_time": "2025-04-06T05:47:48.628Z", "user": 1, "content_type": 7, "object_id": "1", "object_repr": "Google", "action_flag": 1, "change_message": "[{\"added\": {}}]"}}, {"model": "admin.logentry", "pk": 2, "fields": {"action_time": "2025-04-06T05:48:47.470Z", "user": 1, "content_type": 8, "object_id": "1", "object_repr": "Middle Backend dev", "action_flag": 1, "change_message": "[{\"added\": {}}]"}}, {"model": "admin.logentry", "pk": 3, "fields": {"action_time": "2025-04-06T07:33:16.977Z", "user": 1, "content_type": 7, "object_id": "2", "object_repr": "1Fit", "action_flag": 1, "change_message": "[{\"added\": {}}]"}}, {"model": "admin.logentry", "pk": 4, "fields": {"action_time": "2025-04-06T07:33:42.772Z", "user": 1, "content_type": 7, "object_id": "3", "object_repr": "Choco", "action_flag": 1, "change_message": "[{\"added\": {}}]"}}, {"model": "admin.logentry", "pk": 5, "fields": {"action_time": "2025-04-06T07:34:23.277Z", "user": 1, "content_type": 8, "object_id": "2", "object_repr": "Front end dev", "action_flag": 1, "change_message": "[{\"added\": {}}]"}}, {"model": "admin.logentry", "pk": 6, "fields": {"action_time": "2025-04-06T07:34:43.773Z", "user": 1, "content_type": 8, "object_id": "3", "object_repr": "Marketolog", "action_flag": 1, "change_message": "[{\"added\": {}}]"}}, {"model": "admin.logentry", "pk": 7, "fields": {"action_time": "2025-04-06T07:35:07.424Z", "user": 1, "content_type": 8, "object_id": "4", "object_repr": "Manager", "action_flag": 1, "change_message": "[{\"added\": {}}]"}}, {"model": "admin.logentry", "pk": 8, "fields": {"action_time": "2025-04-21T13:19:25.878Z", "user": 2, "content_type": 4, "object_id": "3", "object_repr": "Danial", "action_flag": 1, "change_message": "[{\"added\": {}}]"}}, {"model": "admin.logentry", "pk": 9, "fields": {"action_time": "2025-04-21T13:19:51.630Z", "user": 2, "content_type": 10, "object_id": "1", "object_repr": "Danial", "action_flag": 1, "change_message": "[{\"added\": {}}]"}}, {"model": "admin.logentry", "pk": 10, "fields": {"action_time": "2025-04-21T13:20:07.035Z", "user": 2, "content_type": 9, "object_id": "1", "object_repr": "Airbus", "action_flag": 1, "change_message": "[{\"added\": {}}]"}}, {"model": "admin.logentry", "pk": 11, "fields": {"action_time": "2025-04-21T13:20:32.264Z", "user": 2, "content_type": 11, "object_id": "1", "object_repr": "A320", "action_flag": 1, "change_message": "[{\"added\": {}}]"}}, {"model": "admin.logentry", "pk": 12, "fields": {"action_time": "2025-04-21T13:20:40.092Z", "user": 2, "content_type": 12, "object_id": "1", "object_repr": "Order #1 by Danial", "action_flag": 1, "change_message": "[{\"added\": {}}]"}}, {"model": "admin.logentry", "pk": 13, "fields": {"action_time": "2025-04-21T13:21:17.015Z", "user": 2, "content_type": 4, "object_id": "4", "object_repr": "user1", "action_flag": 1, "change_message": "[{\"added\": {}}]"}}, {"model": "auth.user", "pk": 1, "fields": {"password": "pbkdf2_sha256$600000$Vy78vs8rO7kqKHLMruiEOi$5lvhjUOyP8+sbnpcRuMmyb/apcNildknPSOcNAvX3ME=", "last_login": "2025-04-06T05:35:58.496Z", "is_superuser": true, "username": "yerassyl", "first_name": "", "last_name": "", "email": "y_babayev@kbtu.kz", "is_staff": true, "is_active": true, "date_joined": "2025-04-06T05:35:44.035Z", "groups": [], "user_permissions": []}}, {"model": "auth.user", "pk": 2, "fields": {"password": "pbkdf2_sha256$870000$9Q1dU81n760VrVciz9TqWL$KHIl6ZQ0U0zjBlol/3KTiefHqKUcKphj6v28j6F2u38=", "last_login": "2025-04-21T15:01:09.593Z", "is_superuser": true, "username": "admin", "first_name": "", "last_name": "", "email": "admin@kbtu.kz", "is_staff": true, "is_active": true, "date_joined": "2025-04-21T13:18:08.432Z", "groups": [], "user_permissions": []}}, {"model": "auth.user", "pk": 3, "fields": {"password": "pbkdf2_sha256$870000$E6NkLWZg30EcE1SFRg3gcm$s6gP5X/O/r17SU73DiFI2Jc01GYcBjpWfftljujZjmA=", "last_login": null, "is_superuser": false, "username": "Danial", "first_name": "", "last_name": "", "email": "", "is_staff": false, "is_active": true, "date_joined": "2025-04-21T13:19:25.635Z", "groups": [], "user_permissions": []}}, {"model": "auth.user", "pk": 4, "fields": {"password": "pbkdf2_sha256$870000$Y3mm6IQP1OMo3Cj0iUUVjC$NAKiXhZfRl+f/JtnlGaXtPdqSJnAkFsYP9RmpUZUq4A=", "last_login": null, "is_superuser": false, "username": "user1", "first_name": "", "last_name": "", "email": "", "is_staff": false, "is_active": true, "date_joined": "2025-04-21T13:21:16.769Z", "groups": [], "user_permissions": []}}, {"model": "sessions.session", "pk": "59t0hw45yhtsq9uuc4v8h53xh2z66bnv", "fields": {"session_data": ".eJxVjMsOwiAQRf-FtSFlQB4u3fsNZGYAqRqalHZl_HfbpAvd3nPOfYuI61Lj2vMcxyQuAsTpdyPkZ247SA9s90ny1JZ5JLkr8qBd3qaUX9fD_Tuo2OtWE521DQ4IFBVmA2xzKsUPkL2GIfjkgI1lJq0NMWpSanNcKUEzIYjPF_U4OIE:1u6sdx:Byrvvznu8thy8Gqy6PzufyTJSGHr9YmhbLeIxiW8K1c", "expire_date": "2025-05-05T15:01:09.594Z"}}, {"model": "sessions.session", "pk": "hrtytryagsuws7dw9okcfx25nnfjw18g", "fields": {"session_data": ".eJxVjEEOwiAQRe_C2hCYUgou3XsGwgyDVA0kpV0Z765NutDtf-_9lwhxW0vYOi9hTuIstDj9bhjpwXUH6R7rrUlqdV1mlLsiD9rltSV-Xg7376DEXr519GRo8MmmrBMBOzI6ExN6lSdEMKMDZ5VDq4hyHgxPfiRlDBDAAF68PwyhODU:1u1Ifm:BTxlaQCuYzwjuEeXJuAHRzDPkKIokFa60GBiST42XwE", "expire_date": "2025-04-20T05:35:58.497Z"}}, {"model": "sessions.session", "pk": "l8jua5ajhw2ndb6iw0pt38s9ncw4zh4k", "fields": {"session_data": ".eJxVjMsOwiAQRf-FtSFlQB4u3fsNZGYAqRqalHZl_HfbpAvd3nPOfYuI61Lj2vMcxyQuAsTpdyPkZ247SA9s90ny1JZ5JLkr8qBd3qaUX9fD_Tuo2OtWE521DQ4IFBVmA2xzKsUPkL2GIfjkgI1lJq0NMWpSanNcKUEzIYjPF_U4OIE:1u6r31:ZyjdKNLHML51OfEK5uJEWB4uJbj23ZtwH-7iGbzpBXk", "expire_date": "2025-05-05T13:18:55.461Z"}}, {"model": "api.manufacturer", "pk": 2, "fields": {"name": "Airbus", "country": "select", "description": "A major European aerospace corporation.", "headquarters_city": "Toulouse", "headquarters_address": "1 Rond-Point Maurice Bellonte"}}, {"model": "api.manufacturer", "pk": 3, "fields": {"name": "Boeing", "country": "USA", "description": "Leading American aircraft manufacturer.", "headquarters_city": "Arlington", "headquarters_address": "929 Long Bridge Drive"}}, {"model": "api.manufacturer", "pk": 4, "fields": {"name": "Embraer", "country": "Brazil", "description": "Brazilian manufacturer of regional aircraft.", "headquarters_city": "São José dos Campos", "headquarters_address": "Av. Brigadeiro Faria Lima, 2170"}}, {"model": "api.manufacturer", "pk": 5, "fields": {"name": "Bombardier", "country": "Canada", "description": "Canadian business jet manufacturer.", "headquarters_city": "Dorval", "headquarters_address": "400 Côte-Vertu Road West"}}, {"model": "api.manufacturer", "pk": 6, "fields": {"name": "Comac", "country": "China", "description": "Chinese commercial aircraft manufacturer.", "headquarters_city": "Shanghai", "headquarters_address": "5188 Jinke Road"}}, {"model": "api.manufacturer", "pk": 7, "fields": {"name": "Mitsubishi Aircraft Corporation", "country": "Japan", "description": "Japanese regional jet manufacturer.", "headquarters_city": "Nagoya", "headquarters_address": "1-1, Toyosu 3-chome"}}, {"model": "api.manufacturer", "pk": 8, "fields": {"name": "United Aircraft Corporation", "country": "Russia", "description": "Russian aerospace conglomerate.", "headquarters_city": "Moscow", "headquarters_address": "22 Ulitsa Pravdy"}}, {"model": "api.manufacturer", "pk": 9, "fields": {"name": "Textron Aviation", "country": "USA", "description": "Producer of Beechcraft and Cessna planes.", "headquarters_city": "Wichita", "headquarters_address": "1 Cessna Blvd"}}, {"model": "api.manufacturer", "pk": 10, "fields": {"name": "Dassault Aviation", "country": "France", "description": "French manufacturer of fighter jets and Falcons.", "headquarters_city": "Paris", "headquarters_address": "9 Rond-Point des Champs-Élysées"}}, {"model": "api.manufacturer", "pk": 11, "fields": {"name": "ATR", "country": "France/Italy", "description": "Turboprop aircraft manufacturer.", "headquarters_city": "Blagnac", "headquarters_address": "1 Allée Pierre Nadot"}}, {"model": "api.plane", "pk": 2, "fields": {"name": "A220", "description": "A small, efficient jet for regional flights.", "price": 81000000, "manufacturer": 2, "image_url": null}}, {"model": "api.plane", "pk": 3, "fields": {"name": "A320neo", "description": "One of the best-selling narrow-body jets.", "price": 110000000, "manufacturer": 2, "image_url": null}}, {"model": "api.plane", "pk": 4, "fields": {"name": "A330", "description": "Wide-body airliner for medium to long haul.", "price": 260000000, "manufacturer": 2, "image_url": null}}, {"model": "api.plane", "pk": 5, "fields": {"name": "A350", "description": "Next-gen wide-body with composite fuselage.", "price": 317000000, "manufacturer": 2, "image_url": null}}, {"model": "api.plane", "pk": 6, "fields": {"name": "A380", "description": "The world’s largest passenger airliner.", "price": 445000000, "manufacturer": 2, "image_url": null}}, {"model": "api.plane", "pk": 7, "fields": {"name": "737 MAX", "description": "Latest version of Boeing's best-selling aircraft.", "price": 120000000, "manufacturer": 3, "image_url": null}}, {"model": "api.plane", "pk": 8, "fields": {"name": "747-8", "description": "Iconic jumbo jet for long-haul capacity.", "price": 418000000, "manufacturer": 3, "image_url": null}}, {"model": "api.plane", "pk": 9, "fields": {"name": "767", "description": "Dual-aisle jet used for cargo and passenger flights.", "price": 220000000, "manufacturer": 3, "image_url": null}}, {"model": "api.plane", "pk": 10, "fields": {"name": "777X", "description": "The most advanced wide-body in Boeing’s lineup.", "price": 442000000, "manufacturer": 3, "image_url": null}}, {"model": "api.plane", "pk": 11, "fields": {"name": "787 Dreamliner", "description": "Fuel-efficient, long-haul jet with comfort focus.", "price": 239000000, "manufacturer": 3, "image_url": null}}, {"model": "api.plane", "pk": 12, "fields": {"name": "E170", "description": "Compact regional jet for short-distance travel.", "price": 46000000, "manufacturer": 4, "image_url": null}}, {"model": "api.plane", "pk": 13, "fields": {"name": "E175", "description": "Stretched version of the E170, common in U.S.", "price": 49000000, "manufacturer": 4, "image_url": null}}, {"model": "api.plane", "pk": 14, "fields": {"name": "E190", "description": "Larger capacity regional jet from Embraer.", "price": 53000000, "manufacturer": 4, "image_url": null}}, {"model": "api.plane", "pk": 15, "fields": {"name": "E195-E2", "description": "Most modern Embraer jet with max efficiency.", "price": 60000000, "manufacturer": 4, "image_url": null}}, {"model": "api.plane", "pk": 16, "fields": {"name": "KC-390", "description": "Military cargo jet developed by Embraer.", "price": 85000000, "manufacturer": 4, "image_url": null}}, {"model": "api.plane", "pk": 17, "fields": {"name": "CRJ700", "description": "Regional jet with short takeoff/landing capability.", "price": 41000000, "manufacturer": 5, "image_url": null}}, {"model": "api.plane", "pk": 18, "fields": {"name": "CRJ900", "description": "Stretch version of the CRJ700 with more seats.", "price": 44000000, "manufacturer": 5, "image_url": null}}, {"model": "api.plane", "pk": 19, "fields": {"name": "CRJ1000", "description": "Largest of the CRJ series, efficient regional travel.", "price": 47000000, "manufacturer": 5, "image_url": null}}, {"model": "api.plane", "pk": 20, "fields": {"name": "Challenger 350", "description": "Mid-size business jet with long range.", "price": 27000000, "manufacturer": 5, "image_url": null}}, {"model": "api.plane", "pk": 21, "fields": {"name": "Global 7500", "description": "Flagship ultra-long-range business jet.", "price": 73000000, "manufacturer": 5, "image_url": null}}, {"model": "api.plane", "pk": 22, "fields": {"name": "ARJ21", "description": "China’s first regional jetliner.", "price": 37000000, "manufacturer": 6, "image_url": null}}, {"model": "api.plane", "pk": 23, "fields": {"name": "C919", "description": "Narrow-body airliner aiming to rival A320 and 737.", "price": 99000000, "manufacturer": 6, "image_url": null}}, {"model": "api.plane", "pk": 24, "fields": {"name": "CJ-1000A", "description": "Next-gen Chinese turbofan engine program.", "price": 100000000, "manufacturer": 6, "image_url": null}}, {"model": "api.plane", "pk": 25, "fields": {"name": "MA700", "description": "Turboprop for short-haul regional flights.", "price": 36000000, "manufacturer": 6, "image_url": null}}, {"model": "api.plane", "pk": 26, "fields": {"name": "MA60", "description": "Earlier generation turboprop aircraft.", "price": 30000000, "manufacturer": 6, "image_url": null}}, {"model": "api.plane", "pk": 27, "fields": {"name": "SpaceJet M90", "description": "Regional jet designed for the Japanese market.", "price": 48000000, "manufacturer": 7, "image_url": null}}, {"model": "api.plane", "pk": 28, "fields": {"name": "SpaceJet M100", "description": "Slightly smaller, U.S. scope-clause compliant jet.", "price": 47000000, "manufacturer": 7, "image_url": null}}, {"model": "api.plane", "pk": 29, "fields": {"name": "MRJ70", "description": "Early concept name for what became the M100.", "price": 45000000, "manufacturer": 7, "image_url": null}}, {"model": "api.plane", "pk": 30, "fields": {"name": "MRJ90", "description": "Initial prototype of the M90.", "price": 49000000, "manufacturer": 7, "image_url": null}}, {"model": "api.plane", "pk": 31, "fields": {"name": "Mitsubishi Regional Jet", "description": "Rebranded project targeting fuel-efficient travel.", "price": 50000000, "manufacturer": 7, "image_url": null}}, {"model": "api.plane", "pk": 32, "fields": {"name": "Sukhoi Superjet 100", "description": "Russian regional jet for short-haul flights.", "price": 35000000, "manufacturer": 8, "image_url": null}}, {"model": "api.plane", "pk": 33, "fields": {"name": "MC-21", "description": "Next-gen Russian narrow-body airliner.", "price": 98000000, "manufacturer": 8, "image_url": null}}, {"model": "api.plane", "pk": 34, "fields": {"name": "Il-96", "description": "Wide-body long-haul aircraft developed in Russia.", "price": 120000000, "manufacturer": 8, "image_url": null}}, {"model": "api.plane", "pk": 35, "fields": {"name": "Tu-204", "description": "Twinjet medium-range airliner.", "price": 85000000, "manufacturer": 8, "image_url": null}}, {"model": "api.plane", "pk": 36, "fields": {"name": "Be-200", "description": "Amphibious aircraft for firefighting and patrol.", "price": 40000000, "manufacturer": 8, "image_url": null}}, {"model": "api.plane", "pk": 37, "fields": {"name": "Cessna 172", "description": "Popular single-engine general aviation aircraft.", "price": 400000, "manufacturer": 9, "image_url": null}}, {"model": "api.plane", "pk": 38, "fields": {"name": "Cessna Citation X", "description": "One of the fastest private jets ever built.", "price": 23000000, "manufacturer": 9, "image_url": null}}, {"model": "api.plane", "pk": 39, "fields": {"name": "Beechcraft King Air 350i", "description": "Twin-turboprop utility aircraft.", "price": 7800000, "manufacturer": 9, "image_url": null}}, {"model": "api.plane", "pk": 40, "fields": {"name": "Cessna Caravan", "description": "Short-haul cargo and passenger plane.", "price": 2300000, "manufacturer": 9, "image_url": null}}, {"model": "api.plane", "pk": 41, "fields": {"name": "Citation Latitude", "description": "Mid-size business jet in the Citation series.", "price": 18500000, "manufacturer": 9, "image_url": null}}, {"model": "api.plane", "pk": 42, "fields": {"name": "Falcon 2000", "description": "Elegant mid-size business jet.", "price": 33000000, "manufacturer": 10, "image_url": null}}, {"model": "api.plane", "pk": 43, "fields": {"name": "Falcon 900", "description": "Tri-jet with long range and comfort.", "price": 44000000, "manufacturer": 10, "image_url": null}}, {"model": "api.plane", "pk": 44, "fields": {"name": "Falcon 7X", "description": "Fly-by-wire business jet with impressive range.", "price": 52000000, "manufacturer": 10, "image_url": null}}, {"model": "api.plane", "pk": 45, "fields": {"name": "Falcon 8X", "description": "Ultimate comfort and efficiency for global trips.", "price": 59000000, "manufacturer": 10, "image_url": null}}, {"model": "api.plane", "pk": 46, "fields": {"name": "Rafale", "description": "Multirole fighter jet also exported internationally.", "price": 79000000, "manufacturer": 10, "image_url": null}}, {"model": "api.plane", "pk": 47, "fields": {"name": "ATR 42-600", "description": "Short-haul turboprop aircraft for regional airlines.", "price": 19000000, "manufacturer": 11, "image_url": null}}, {"model": "api.plane", "pk": 48, "fields": {"name": "ATR 72-600", "description": "Stretched variant of ATR 42 with more seats.", "price": 26000000, "manufacturer": 11, "image_url": null}}, {"model": "api.plane", "pk": 49, "fields": {"name": "ATR EVO", "description": "Next-generation eco-efficient variant in development.", "price": 27000000, "manufacturer": 11, "image_url": null}}, {"model": "api.plane", "pk": 50, "fields": {"name": "ATR 72 MP", "description": "Maritime patrol variant of ATR 72.", "price": 31000000, "manufacturer": 11, "image_url": null}}, {"model": "api.plane", "pk": 51, "fields": {"name": "ATR Freighter", "description": "Cargo variant optimized for regional logistics.", "price": 25000000, "manufacturer": 11, "image_url": null}}, {"model": "api.customer", "pk": 1, "fields": {"user": 3, "phone_number": "87077760025", "address": "36"}}, {"model": "token_blacklist.outstandingtoken", "pk": 1, "fields": {"user": 4, "jti": "309b95655c1242929091d5600cf5b1b2", "token": "eyJhbGciOiJIUzI1NiIsInR5cCI6IkpXVCJ9.eyJ0b2tlbl90eXBlIjoicmVmcmVzaCIsImV4cCI6MTc0NTMyODA4MSwiaWF0IjoxNzQ1MjQxNjgxLCJqdGkiOiIzMDliOTU2NTVjMTI0MjkyOTA5MWQ1NjAwY2Y1YjFiMiIsInVzZXJfaWQiOjR9.wLWlmHddiUhCa82temZdmdPovT_Wx0x5_lX8Fio_JUs", "created_at": "2025-04-21T13:21:21.794Z", "expires_at": "2025-04-22T13:21:21Z"}}, {"model": "token_blacklist.outstandingtoken", "pk": 2, "fields": {"user": 4, "jti": "922de56763fe4305937f46fc9ec9f85c", "token": "eyJhbGciOiJIUzI1NiIsInR5cCI6IkpXVCJ9.eyJ0b2tlbl90eXBlIjoicmVmcmVzaCIsImV4cCI6MTc0NTMzMDMyNSwiaWF0IjoxNzQ1MjQzOTI1LCJqdGkiOiI5MjJkZTU2NzYzZmU0MzA1OTM3ZjQ2ZmM5ZWM5Zjg1YyIsInVzZXJfaWQiOjR9.m4X_qWoa7bd6UM3Iz0e7q19l2icHrgCQzhBUzvMiaMs", "created_at": "2025-04-21T13:58:45.255Z", "expires_at": "2025-04-22T13:58:45Z"}}, {"model": "token_blacklist.outstandingtoken", "pk": 3, "fields": {"user": 4, "jti": "c7aa8e55b9f84765b8f2144305735094", "token": "eyJhbGciOiJIUzI1NiIsInR5cCI6IkpXVCJ9.eyJ0b2tlbl90eXBlIjoicmVmcmVzaCIsImV4cCI6MTc0NTMzMTU2NCwiaWF0IjoxNzQ1MjQ1MTY0LCJqdGkiOiJjN2FhOGU1NWI5Zjg0NzY1YjhmMjE0NDMwNTczNTA5NCIsInVzZXJfaWQiOjR9.zHL64Xh17TqvVNqtHfKZi9aqhTax2DN2M6LcDPjVFSw", "created_at": "2025-04-21T14:19:24.694Z", "expires_at": "2025-04-22T14:19:24Z"}}, {"model": "token_blacklist.outstandingtoken", "pk": 4, "fields": {"user": 4, "jti": "3bcbb9b1487c477499174b4583b7da80", "token": "eyJhbGciOiJIUzI1NiIsInR5cCI6IkpXVCJ9.eyJ0b2tlbl90eXBlIjoicmVmcmVzaCIsImV4cCI6MTc0NjU0MjU2NywiaWF0IjoxNzQ1MjQ2NTY3LCJqdGkiOiIzYmNiYjliMTQ4N2M0Nzc0OTkxNzRiNDU4M2I3ZGE4MCIsInVzZXJfaWQiOjR9.DAJ6mLRlNTP6neBRlR3WFk7M2_J5APv7O-iKQuv0hcw", "created_at": "2025-04-21T14:42:47.421Z", "expires_at": "2025-05-06T14:42:47Z"}}]